sign,0_0,0_1,0_2,1_0,1_1,1_2,2_0,2_1,2_2,3_0,3_1,3_2,4_0,4_1,4_2,5_0,5_1,5_2,6_0,6_1,6_2,7_0,7_1,7_2,8_0,8_1,8_2,9_0,9_1,9_2,10_0,10_1,10_2,11_0,11_1,11_2,12_0,12_1,12_2,13_0,13_1,13_2,14_0,14_1,14_2,15_0,15_1,15_2,16_0,16_1,16_2,17_0,17_1,17_2,18_0,18_1,18_2,19_0,19_1,19_2,20_0,20_1,20_2,source
1,0,0,0,-0.296789166357117,0.194994316418076,-0.198155120421335,-0.414424144965715,0.577465950298765,-0.219056094254733,-0.37496593274605,0.950963866999182,-0.221407206981463,-0.303694382784045,1.25124252547715,-0.21472745383685,-0.216284726657829,0.973337312780648,0.051760225625756,-0.151433029104135,1.4708270816135,0.018454044081105,-0.099338084838595,1.81245829790963,-0.029204197996022,-0.059668630256428,2.11163725426172,-0.054946791605127,-0.010988206696047,0.997206710784269,0.065411475583546,0.046079326208911,1.53204617125611,0.022797419661068,0.08575253664487,1.9208575640696,-0.037320354177684,0.118645672598953,2.25772161064379,-0.068637914849088,0.199756166824312,0.96314387186508,0.033338155042235,0.262827658086844,1.46316646731111,0.014205070673822,0.306892493376054,1.82606072450842,-0.036784164429777,0.341082462279367,2.14225069991643,-0.072171291193742,0.420605612168217,0.851199240446831,-0.033338155042235,0.474739687190709,1.27668538891654,-0.061019367055541,0.507129646188667,1.54754555467474,-0.100365589643353,0.543225596659604,1.8013827434057,-0.122589564940177,6
1,0,0,0,-0.375118782325085,0.217166505799979,-0.207605365799859,-0.501650113206772,0.631400187529603,-0.216532280034809,-0.455899353095913,1.03060081653109,-0.210013075296775,-0.4054067849681,1.37357473811284,-0.213376240022748,-0.230343019424712,0.96944876914202,-0.011789741301568,-0.182550181114424,1.39714151225343,-0.058146279034101,-0.13331218394638,1.70347632875924,-0.102009538335386,-0.089752146969253,1.96915135498437,-0.141201032905242,0.00061822579043,0.999829457333728,0.016492318388102,0.035531964634934,1.45200163102634,-0.044104624611114,0.0731471505215,1.8216528415057,-0.123226808191322,0.119430374149399,2.15703463713055,-0.174028163707551,0.225816503932767,0.976463715114145,0.017274425511145,0.283172284740203,1.43067932050134,-0.054185246862134,0.330151973078543,1.77728422905222,-0.116411001510907,0.373840217315074,2.08192847845785,-0.169706870776304,0.45292625559994,0.898718102562703,-0.017274425511145,0.502275821875388,1.30496572353397,-0.093771962037814,0.533214436073538,1.58805625435893,-0.155447148557762,0.574074611008487,1.86348418633603,-0.204795344675236,6
1,0,0,0,-0.355910850911985,0.184035546229989,-0.269315408213224,-0.507261358991171,0.547133971661417,-0.276022702306907,-0.473607347475853,0.953474805147169,-0.217343621967169,-0.369269834652038,1.26702566615546,-0.170615578696757,-0.233566634090768,0.965750977086905,-0.038699449397508,-0.158671859858402,1.47424807316211,-0.053194523040781,-0.094322043176205,1.84792370504887,-0.056094051627049,-0.01559758540996,2.18428384258686,-0.013338523860162,0.002270032751668,0.999755067072503,0.018776581737488,0.071209766619382,1.53489486694115,0.032375607264245,0.100561189036325,1.94561266905104,0.066615798984858,0.130577748796585,2.33307604932549,0.118812077462081,0.218964032326752,0.95768962241002,0.02379137298192,0.28266913483558,1.47780902918832,0.047276506538861,0.305779136845129,1.84324116001364,0.098700994468849,0.318786991830375,2.18429611533679,0.140075164553573,0.432108473720135,0.856754974009209,-0.02379137298192,0.499169915984897,1.31297928574377,-0.024171233318639,0.521670621259025,1.60879219371863,-0.018834183542112,0.52835237036316,1.89568796827426,0.001710523691038,6
2,0,0,0,-0.285742413701442,0.188100771828759,-0.241501009065661,-0.437713757684009,0.461192144903188,-0.29606969622602,-0.529834307400687,0.723680925829058,-0.36103123933774,-0.547925166774167,0.93526566389792,-0.405690026411324,-0.23158860807564,0.991401445043133,0.028175594825227,-0.159133450667868,1.60125844240159,-0.129823471245954,-0.12330813015995,1.78890216032583,-0.334485907552845,-0.10382057458277,1.82110315155703,-0.506859174214514,-0.004772639800572,0.998221994258696,0.048997639164279,0.035071417920065,1.62617990654583,-0.113695048630437,0.044986592187582,1.80591397908757,-0.360071542002851,0.040069703673504,1.8207875669764,-0.553917084577853,0.19429884725833,0.916248074449493,0.023860573728875,0.232426048855254,1.50938663170234,-0.182992440932184,0.219233292017859,1.64006401886425,-0.449712096976816,0.201470859203699,1.6201724897895,-0.621439468577977,0.352920505319155,0.783177245501542,-0.023860573728875,0.381392175788097,1.2752279443246,-0.225012746091395,0.34601727824353,1.40598404006949,-0.452945713271302,0.310258687597937,1.40396368469207,-0.641327115041089,6
2,0,0,0,0.366075936259614, 0.080073605193259, 0.175070614225073, 0.596952113998703, 0.169814409733684, 0.31543169686799, 0.697313471121315, 0.324687255905065, 0.460111438126406, 0.761228849168432, 0.477864255568356, 0.603436618358593, 0.387517520791605, 0.860520732016049, 0.032581585168253, 0.387019221299902, 1.3511035721566, 0.154087532032457, 0.413194464682585, 1.50886219799325, 0.311676506772465, 0.422249032425817, 1.53708109203966, 0.440542594598666, 0.125614168455142, 0.983572746859828, -0.01858239397747, 0.079222505739238, 1.52569205848838, 0.121257043131855, 0.076361020334802, 1.66031645588332, 0.32510839425574, 0.088401100789089, 1.64944544841396, 0.488935905055026, -0.101606133754392, 1.02530263473661, -0.018393909597851, -0.1916591518093, 1.49067573134882, 0.111575172355628, -0.162718340221183, 1.61677994945124, 0.288113296964781, -0.132015196895588, 1.61768304871416, 0.431401811272131, -0.281245742082698, 1.00457603692375, 0.018393909597851, -0.371576704077082, 1.3536466578319, 0.130094047074705, -0.353617728273972, 1.49756840539131, 0.241988081194741, -0.334795852983904, 1.52878564691627, 0.34871718832871
2,0,0,0,-0.328114822826734,0.14625788582025,-0.115102433806378,-0.511904769030445,0.41110086424836,-0.250312598322745,-0.615110656912523,0.622017668130927,-0.398180190763816,-0.63030822724862,0.839643375284073,-0.513301019289608,-0.284875544948168,0.962699292788233,0.126190723028018,-0.259367640442874,1.33972155347349,0.128935848174163,-0.268579134813107,1.54255983774997,0.00530906383286,-0.336450419131251,1.64308771031269,-0.135781125316672,-0.067333472125049,0.992988602131165,0.086297272583987,0.004488102704807,1.41899907478541,0.062302409091734,0.032219206537648,1.64008104403002,-0.135461918461944,-0.004614595798324,1.67927066804484,-0.331608117097201,0.144843020679636,0.965594355589461,0.029743496009884,0.220191224128423,1.40425888644763,0.00947451574902,0.222076387616279,1.59533705766391,-0.176222375512603,0.167477269352423,1.62871133791191,-0.350040400849305,0.351196297173625,0.896716833871287,-0.029743496009884,0.42006083619363,1.2989870855866,-0.072551761683419,0.389719417863671,1.48747269182026,-0.190800826029284,0.310941623902662,1.56792940897533,-0.329543771440467,6
43,0,0,0,0.0339792283998,0.166318454453872,-0.31060713116231,0.053965485320321,0.401142505129818,-0.572334084636768,0.091652971976142,0.561781863669848,-0.833565134673668,0.098542144965375,0.730567170956065,-0.982814237095068,-0.136971267593443,1.02489369139172,-0.062901957431173,-0.080638573798611,1.46710595155289,-0.128627862501428,-0.03993809381707,1.72069221134614,-0.345560364546604,-0.009892187201628,1.82403838316376,-0.564138170653108,-0.096803555772968,0.992342926435449,0.012597375449795,0.028114836473799,1.23082319428222,-0.313359826170442,0.12825976574064,0.984418507363186,-0.405425091636125,0.164135604059606,0.845781718504741,-0.336631325379107,0.001754212878375,0.877596453989082,0.017553606031225,0.128729543355879,1.11939682189117,-0.360152346313203,0.182363813428459,0.832458046930829,-0.406027443304621,0.161927135565612,0.670690842173874,-0.306452442272727,0.130053893891745,0.722048158214843,-0.017553606031225,0.223822520876251,0.922528680335812,-0.321876805119025,0.263769631881886,0.775249282332466,-0.379100673756562,0.26640061588582,0.685516894628266,-0.308219612388222,6
43,0,0,0,-0.290639558812102,0.16137073235389,-0.072650271657765,-0.395870631150972,0.317657756075582,-0.219361947188941,-0.421805225012527,0.412621941713972,-0.40749432049803,-0.404382980325125,0.514941262460634,-0.532171918983513,-0.299957992943346,0.989476050698743,0.123868612411518,-0.229833704226063,1.35844410566637,0.010054679952551,-0.204513416845353,1.51689499424455,-0.170116069053098,-0.227991229761248,1.57009958614182,-0.308920592566126,-0.093821622833541,0.984927055938286,0.092268116602471,-0.075290967709376,1.24415873606862,-0.189356193155395,-0.101094717681377,0.89244223216846,-0.243870656988657,-0.098954926507276,0.722930146743803,-0.155157477701134,0.113603365122839,0.920599902318262,0.032008927942251,0.07981800979754,1.10361935238891,-0.225185351450257,0.000870720503416,0.744433016439421,-0.212276072925905,-0.015723742227616,0.609489655853528,-0.068348453617415,0.307103627082147,0.822616458722721,-0.032008927942251,0.216443988395916,1.01125805220291,-0.205920475965264,0.130840574132802,0.772051743566249,-0.223460200478156,0.144500456257282,0.649363411069175,-0.140402758010372,6
5,0,0,0,-0.219319298899579,0.311273343548563,-0.228163418186133,-0.282662811255689,0.70860122821052,-0.347062205257884,-0.261040069302426,0.953945715914001,-0.474179077148272,-0.232520773509024,1.1159828292042,-0.572638572506061,-0.297484239581927,1.01267181321393,-0.047717346419239,-0.162586919910739,1.08582096503941,-0.347004737008308,-0.071436944102017,1.09836971697676,-0.585497258164183,0.010459630755357,1.1125144905613,-0.81896579018488,-0.129837046650969,0.993429043328171,0.01780890681928,-0.053220059743756,1.08430467946433,-0.381673818682075,-0.001686788750376,1.08119963124637,-0.641802381043464,0.036758340018673,1.07123475218703,-0.892401670470702,0.053368088873045,0.928560032785613,0.023605439972062,0.101832764197567,1.06466479416348,-0.383707837629839,0.095212146278699,1.091725601528,-0.643174007746401,0.108240407128411,1.0897584194744,-0.884458030237978,0.235690412084613,0.830064408022774,-0.023605439972062,0.216336889202249,0.972224158730006,-0.337619095514994,0.188030617453387,1.02104833530776,-0.524893192813626,0.205628022479522,1.04109766498753,-0.713384606259465,6
9,0,0,0,-0.20481389558093,0.248364026973992,-0.10020696154817,-0.198227451412926,0.561942774835455,-0.302195842255015,-0.082620010125886,0.764705572943559,-0.511065906196475,0.074633002997478,0.85986882524307,-0.571500944482908,-0.349124219193926,0.977331740652836,0.008880909266401,-0.214680689962661,1.12240785444328,-0.365013729350771,-0.07610819873041,0.90515143767005,-0.431358542559586,-0.083064397250278,0.756721523304223,-0.37107743745656,-0.185440795489611,0.94152721438004,0.04607901585569,-0.029439309134289,1.10030426634936,-0.3616050552982,0.04700298859083,0.814486708892436,-0.406890827447081,0.02642642288996,0.692573307677003,-0.317924603653012,0.042729192120042,0.866855690513128,0.026271857952798,0.179522577312397,0.974635671259697,-0.362607545138814,0.21966800378616,0.722791503689672,-0.406778865223241,0.202396318838934,0.640690832276267,-0.331412753955525,0.308053830010283,0.773288155236698,-0.026271857952798,0.399378458420097,0.842559135116789,-0.335775042654199,0.419010459798012,0.783564594501586,-0.366721693369729,0.43523261339067,0.794236835740972,-0.313271142085468,6
9,0,0,0,-0.225358690109469,0.158177478447077,-0.164012188091303,-0.364515703374591,0.431231588674784,-0.351735082519818,-0.419577024755685,0.690104257845322,-0.48114171379947,-0.327573023561389,0.898416348859636,-0.514002189333369,-0.240613884644227,0.986314184103505,0.09429237049036,-0.442969535168334,1.06088569738168,-0.144118711477339,-0.410216375458214,0.757971720706941,-0.191626478239164,-0.35173402963926,0.608998232677192,-0.111154429051989,-0.060277403243013,0.9889832557356,0.112604567465023,-0.246661759978289,1.05171338875708,-0.222247824500693,-0.22155455315074,0.700314484709072,-0.259044268814878,-0.157543010641419,0.596332488554253,-0.147307003304384,0.124849018992691,0.915729821846457,0.057361067209316,-0.072427648588889,0.887192913117981,-0.272910560726783,-0.070781564135315,0.55420439344817,-0.247798435271668,-0.004895354778264,0.473871264542124,-0.110149804870795,0.304122789631681,0.791339889689142,-0.057361067209316,0.089094619565371,0.742467783320252,-0.303217997070294,0.071093747270792,0.534837211609473,-0.31711414364093,0.148472340202105,0.496855548553366,-0.241821776208536,6
13,0,0,0,-0.238357796373552,0.253490595705408,-0.090161728224504,-0.322910814613011,0.619372004632047,-0.172942810799245,-0.333893206926094,0.94600857394759,-0.236248682232742,-0.30927268026004,1.21264642634057,-0.25703720527638,-0.297200879090896,0.972615794096162,0.07818912639763,-0.324025190307585,1.29789849558753,0.003630785288067,-0.37373214834812,1.56868231707158,-0.007350630734777,-0.439191992148146,1.8001773638627,0.008254238156027,-0.118333459125532,0.980721642532026,0.083274001383341,-0.18460073990527,1.32471511075523,-0.121313952840049,-0.288008486709195,1.55605001255234,-0.243594339855399,-0.399990433591328,1.76162709154877,-0.32980625695132,0.07659869783014,0.888797796884111,0.049880877010507,-0.010706399832469,0.971763779510792,-0.268305383136931,-0.014392700601053,0.649623423122583,-0.304952046233179,0.010344834069698,0.441382676384252,-0.269413784920726,0.271398384008757,0.737670418718287,-0.049880877010507,0.119158527560447,0.756881090919323,-0.292717967924229,0.055717286829631,0.525651473149575,-0.283141853288925,0.078083804716146,0.378718649503372,-0.223816178751852,6
14,0,0,0,-0.168198214057978,0.393126264945253,-0.089793494578262,-0.25836713921728,0.820721015729812,-0.1049672001888,-0.278556576610777,1.19474351593774,-0.067727864753984,-0.25851486079907,1.49532148389154,-0.043570590521165,-0.222774592594372,1.104839242287,0.120009165249274,-0.175223432827988,1.54738144668486,0.152757153417667,-0.147815557157059,1.84491540259839,0.157875495903143,-0.140394253184831,2.09213702979527,0.211547449954718,-0.078407036081618,0.961911363944644,0.113620698494302,-0.022653152218736,1.20791414650573,-0.11666717494988,-0.007148037351227,0.897324874127338,-0.284238416045801,-0.027390760944147,0.76279494545254,-0.278925651329416,0.076241846184195,0.754184604953452,0.0488756286011,0.113362720627978,0.957160458317512,-0.182525065094007,0.101561634725082,0.69476116053973,-0.294068625928997,0.079200216222875,0.606297516332341,-0.258567149162758,0.22057325983962,0.53931116047452,-0.0488756286011,0.25553059134749,0.602328755282301,-0.229775406405571,0.228971493719302,0.461981801363768,-0.326589451133165,0.217871703268641,0.457588146725859,-0.323317035402823,6
16,0,0,0,-0.105857839408749,0.28595718361896,-0.17186118677016,-0.170913316224096,0.722666748567173,-0.214029464389229,-0.155793988097616,1.11746882693022,-0.242949897474969,-0.097658908158379,1.34815241622605,-0.251126033304924,-0.133515282844161,1.09197472636722,0.067821281483684,-0.061746632833973,1.48878625134578,-0.145997459989316,-0.029504915387235,1.48047911088238,-0.307991892617725,-0.017551839010264,1.40900113902811,-0.363047438875764,-0.017867296095079,0.992631503524673,0.086332599778038,0.075129119094702,1.31642328801714,-0.155912621119953,0.045190720245039,0.946120753112976,-0.288103736262945,0.007124784937834,0.863132509861006,-0.262924526641518,0.098429082851127,0.83857151081676,0.036388572547804,0.189707277515238,1.11731826060305,-0.190523699990559,0.118333306187326,0.752172092653144,-0.274490717383355,0.073146800750141,0.687056401206429,-0.234283348532236,0.21026386339887,0.646701131336347,-0.036388572547804,0.270806009801442,0.859915209688503,-0.163217096256876,0.203939384022004,0.594039886204966,-0.232310630849451,0.169037380101058,0.529998697937148,-0.197967078855817,6
16,0,0,0,-0.166875982243159,0.198380243555128,-0.134077694202221,-0.287658432112757,0.625366647175503,-0.153924922049807,-0.288452597732619,1.02110986830404,-0.141613221726232,-0.222621581374708,1.28606349103467,-0.130498424365363,-0.232927336465183,1.00558968376356,0.110460359355129,-0.180075159320042,1.44010851607696,-0.0180084157454,-0.151903966213735,1.49811070499163,-0.197910623828758,-0.117272749272435,1.38746254411937,-0.352720290012666,-0.04964822933245,0.979731165616439,0.131840408317886,-0.014035909413862,1.17504152410208,-0.1940728156781,0.003328874750373,0.798503333335936,-0.374319533386941,0.023140353519256,0.638491626649973,-0.354722349216538,0.142897297428099,0.879211965182307,0.058613636264094,0.148169047052824,0.976370436687295,-0.265961363912445,0.116415715699778,0.602011671826285,-0.348896155872805,0.116798529309208,0.498417735930759,-0.282805224952947,0.326385501469671,0.746554546621498,-0.058613636264094,0.301228290215045,0.716613705289776,-0.298455548256353,0.263568340337389,0.475636321475977,-0.380716128016852,0.278640625412016,0.453581081534419,-0.340867775243229,6
17,0,0,0,-0.243888866111182,0.240519735291961,-0.175046063577333,-0.288853580353758,0.580961291353826,-0.350086002513627,-0.225931801698309,0.803576714643386,-0.490947682977208,-0.119367826777504,0.971007969498839,-0.582553934668893,-0.213795816471422,1.05999054980517,-0.186188328681868,-0.269027571529182,1.57286407687967,-0.394089974943169,-0.319716304396332,1.92154509469401,-0.550733265647482,-0.367781340942824,2.18277465567304,-0.684661756233852,-0.080719682387625,0.981133595601522,-0.091600816092944,0.025548863371282,1.28781112333624,-0.46554961116508,0.063124124305749,1.15548322624374,-0.678422942028868,0.084402374103991,1.01424580184506,-0.768045269130781,0.085815011317505,0.853779504345962,-0.023676830016313,0.22540966996817,1.08742325886573,-0.386842074519476,0.255555924187937,1.00403003974902,-0.579971486401354,0.277003018611158,0.898356147758507,-0.647699427801917,0.268282076088461,0.719265796981284,0.023676830016313,0.352917047185491,0.873220322917863,-0.276125700426506,0.365827471368498,0.851475972081254,-0.423570053149805,0.378466016541746,0.818305830658105,-0.501209019241109,6
17,0,0,0,-0.173038080250928,0.214162031778165,-0.168771382581486,-0.244677265470946,0.522833791116123,-0.228182247574243,-0.247934724270385,0.758571920741314,-0.303013302110988,-0.232876449276552,0.971076009225482,-0.396893966249698,-0.227440230966195,0.983035426097087,0.119250835572085,-0.224409238054235,1.40625686421549,0.094817287056499,-0.214659978809475,1.76790058954911,0.046516368582347,-0.190803821460638,2.09298891928667,0.007963284268296,-0.059845266071701,0.98511110776113,0.117796729783422,-0.001231920893287,1.37512263394441,-0.058153076336772,-0.026030459112751,1.33891392537261,-0.36848257081673,-0.042746476521747,1.21085757810894,-0.591866080049428,0.126858349950696,0.902050681830982,0.052083917323804,0.197941318348106,1.23695241365531,-0.123018284037348,0.150195022652682,1.18959277276884,-0.439825037117143,0.096259038430517,1.08385737532117,-0.654901166186213,0.314804726357546,0.75272387099077,-0.052083917323804,0.356002178135691,0.9777479176101,-0.230946732108424,0.303077775373142,0.975076651538118,-0.455637480390884,0.237697574018148,0.927164975121946,-0.630909694259686,6
17,0,0,0,-0.270934650332447,0.213786751820721,-0.129629437600036,-0.320525609332692,0.551130800725631,-0.26294707067666,-0.241373961442811,0.79203280484771,-0.384162041525615,-0.099621549117958,1.02353117670777,-0.468471984921979,-0.345633798537017,0.977527287876451,-0.133479363219926,-0.399883345699257,1.36092620345789,-0.24311003398224,-0.504840128965063,1.63718760116666,-0.310879243015499,-0.604889106809012,1.85298285779693,-0.361235927239492,-0.153297303368235,0.95913005037992,-0.038195965277577,-0.065450450588665,1.27719508358999,-0.344326811817402,0.029655720419731,1.27485799717667,-0.56406056646087,0.123922221085109,1.24617822164094,-0.703847468536768,0.065679010621952,0.894744200142596,0.000251871986681,0.171016229282962,1.11649140180344,-0.328766375725432,0.24201613500367,1.0550576987168,-0.557404915184932,0.31444883666301,0.999620757249616,-0.701041824158112,0.304519124054944,0.802085967713947,-0.000251871986681,0.339876401825575,0.95782950076347,-0.2753141546303,0.355867701148373,0.906570839870201,-0.427556873651855,0.387361478292017,0.880946472524926,-0.528272751993357,6
19,0,0,0,-0.240629340876344,0.143617994854213,-0.146284752454283,-0.342726695228717,0.566704373425487,-0.218496879433719,-0.261522915504742,0.955754091424823,-0.267709188336421,-0.111643554231675,1.21431399784116,-0.269117602149162,-0.240846407467058,0.971681109975952,0.106173675583376,-0.243652516509549,1.21372364183632,-0.174521987294309,-0.228967824822994,0.939264320425535,-0.315649790983266,-0.18932021486557,0.790957696003558,-0.308169352241786,-0.035100077772422,0.991713354734793,0.098700630802636,-0.012467224304063,1.26983181114836,-0.268605183228974,-0.040688146397054,0.830962996296373,-0.386505930144813,0.00182375195437,0.736061863812531,-0.28218261056559,0.184141866166774,0.960807731868798,0.038241469357013,0.160641748043191,1.14893230889226,-0.298121077622784,0.082356577568995,0.700431016928632,-0.324922638624617,0.126370971182292,0.609165579184462,-0.184206790490183,0.404433492717583,0.886831948299873,-0.038241469357013,0.290277864820132,1.0218283694865,-0.230015630681587,0.20121958437137,0.707837467804991,-0.232071467355871,0.260272975060541,0.630145670350755,-0.125274302213982,6
19,0,0,0,-0.190153681327404,0.089224344547317,-0.280806035230603,-0.319140706841796,0.482836965286009,-0.377204904829865,-0.240846364174628,0.92846217521371,-0.398183078351101,-0.062303675250686,1.24663090853243,-0.387884614226722,-0.233615394757321,0.942580488458404,0.039233739756373,-0.239680734511821,1.34995724665906,-0.200554733770616,-0.20714972278084,1.0873727679413,-0.399195689615411,-0.159969360150788,0.88227494901247,-0.412843086327764,-0.007099148131253,0.994193240392803,0.077748626136474,0.05006692470366,1.41423692149383,-0.295508680620382,0.010469439617863,0.947483180463234,-0.528471902197864,0.028712206649538,0.812691795650921,-0.448483629286631,0.22098369797008,0.996862585388723,0.038534639888313,0.261471144635297,1.32995868701384,-0.307024620701932,0.160279031268551,0.829875248258295,-0.488365156130338,0.160179066954117,0.668443353305528,-0.399252188828297,0.456963965960553,0.957761579905263,-0.038534639888313,0.451162851297315,1.25685135228104,-0.227169777315889,0.34789726915148,0.915562833784186,-0.392974087542151,0.340163143136301,0.762718103319609,-0.3849051228836,6
19,0,0,0,-0.226880419045631,0.080872148766383,-0.147934393503589,-0.371455478571052,0.475543706801179,-0.155060177286194,-0.341242909105653,0.807293554864695,-0.126501247508093,-0.26414215520966,0.996165894326169,-0.090398598783106,-0.280184225017017,0.933014575247608,0.11851633037611,-0.36993156707792,1.12981016141911,-0.124167454969597,-0.3797917457019,0.815015219334619,-0.218750647079187,-0.351988908436969,0.626446686356723,-0.197089407216399,-0.066357018496234,0.986975935503729,0.114545308772481,-0.089585873099667,1.09360079481526,-0.280626572183093,-0.066998111582692,0.692373620268192,-0.388075908091345,-0.036445704745258,0.579143903210868,-0.288843230437206,0.150616754728545,0.980902777520435,0.05072478011849,0.104049083531483,0.971974864590643,-0.345199398864287,0.075498271223652,0.58765905202774,-0.367163702165636,0.109564085476964,0.508970597107688,-0.238921646962252,0.368112530184403,0.924108193003221,-0.05072478011849,0.247420771204923,0.861227503012383,-0.331195895685263,0.212539406431873,0.60445018721538,-0.373088845768661,0.277566427298641,0.580478096754999,-0.28333640476366,6
20,0,0,0,-0.252389423338578,-0.015915532157026,-0.305271667286009,-0.38634371313903,0.315156936887507,-0.389355234960772,-0.287425755212685,0.61916320506595,-0.431858710208148,-0.018764748637728,0.809704039646398,-0.367672041306022,-0.203483506693944,0.829197819668448,0.013910278328468,-0.227866956750391,1.07553989406917,-0.220547908268439,-0.234017136412135,0.811003483903512,-0.344009614146384,-0.244913537403352,0.604220495479287,-0.337748339952404,-0.002330383013475,0.997840310606046,0.056310016139235,0.037486651502154,1.59777526130521,-0.046588139034085,0.096508376550122,1.97709169868682,-0.095857244863031,0.144531101755972,2.36774208453676,-0.090046256648133,0.203323591075059,1.04428687563282,0.031486961913975,0.234862514580242,1.42682138504309,-0.187347593958338,0.139867841074679,1.08711147898597,-0.244733279349964,0.067660371219562,0.809018700267395,-0.20354925577584,0.401283126583734,1.00626943774117,-0.031486961913975,0.406987985261971,1.34145867707225,-0.139292227690612,0.314687593583023,1.13361926662921,-0.213769572667592,0.240748431056639,0.908554599313008,-0.223464729461915,6
20,0,0,0,-0.262837754366514,0.017500689836195,-0.213738013326596,-0.360073441354693,0.418599912955967,-0.347531577947092,-0.242551951726996,0.792265971991436,-0.466491980148043,0.034095009264799,0.903053048274689,-0.467117093480664,-0.257921212689407,0.893230719300491,0.131588840763218,-0.174713822416908,1.19040964570348,-0.064627487652007,-0.184648777020068,0.957206638691167,-0.17392161778028,-0.202852859527139,0.768417108335364,-0.151624665645846,-0.061912984322212,0.986957243504507,0.11735020331041,0.066983068145256,1.5447256750555,0.098091984013763,0.133029854370691,1.92869569663574,0.079742911543507,0.187292905024498,2.27270848241724,0.125727491179819,0.163585658629709,0.982404619713131,0.042457658023853,0.271494505740458,1.45397345936231,-0.094310308226021,0.131157581959314,1.17397797036045,-0.272683011438007,0.039425106848321,0.894611847236149,-0.324974746133411,0.384411970544101,0.927497016312291,-0.042457658023853,0.398799507194473,1.33145917438916,-0.135817398453925,0.260545647413104,1.13221238846572,-0.266125988592992,0.197938471232954,0.88531932345147,-0.334404210296877,6
20,0,0,0,-0.222096393077491,0.076783337560168,-0.186138170076392,-0.281241799608431,0.42787688795826,-0.331071564621746,-0.174634180301918,0.750660717212017,-0.451380580029405,0.082595866169728,0.833235969756895,-0.46861593663651,-0.322581543621653,0.937691265961604,0.106028671447206,-0.278653282223499,1.22355175476903,-0.055557624800588,-0.22133526598519,0.977982040188391,-0.20877263690463,-0.209018876972748,0.799065783565849,-0.228342544610912,-0.120362136825222,0.986010077564555,0.093907878922258,-0.141844625914087,1.51749691185072,0.075511658019792,-0.191604101293117,1.85010868006104,0.02804837762229,-0.232165782065565,2.17096971326375,0.04281603267399,0.105577741940806,0.942380982408003,0.042087504940876,0.127160179795699,1.3624962380123,-0.103696070938813,0.107780091954864,1.11569945765827,-0.291429007678366,0.111025353945386,0.872991910941052,-0.341087221690599,0.32119804095825,0.869763023825446,-0.042087504940876,0.288288693404808,1.24089763415654,-0.12077975775235,0.224490093344416,1.1698711053396,-0.249560393333364,0.211810541351319,1.02249188749007,-0.316711083810915,6
20,0,0,0,-0.348034999499682,-0.015115516976802,-0.328955986524799,-0.520734713235923,0.297860243354357,-0.437599646178949,-0.412434994431086,0.63353244424436,-0.470706091203702,-0.134797873215609,0.788369801900811,-0.425374236246936,-0.231220410616903,0.8620575411145,0.015604459377152,-0.201501890146453,1.11919530500547,-0.237186168628199,-0.218826784816086,0.826566704039933,-0.409811482998952,-0.241599842809804,0.615936752554907,-0.446238900380125,-0.003330913033044,0.997103496071647,0.066462609022253,0.106787432567964,1.52849981725162,-0.061970632279034,0.199933762193005,1.87983860646854,-0.136315877013562,0.263058087764506,2.24178627867598,-0.131553657604119,0.216184575461314,1.01958017243531,0.038794770030636,0.340997931038559,1.41868988886964,-0.163511827014261,0.186153941482138,1.10240122621453,-0.332713296928525,0.030546100292039,0.806268201256044,-0.370360244210777,0.436003835530909,0.954926065045788,-0.038794770030636,0.502667228257998,1.29739250154754,-0.181455856433662,0.357258626001728,1.08233877726412,-0.320349527483842,0.215404499039644,0.814223429339927,-0.395111938365455,6
21,0,0,0,-0.202914890661554,0.195755656876323,-0.136854922056744,-0.199392222702322,0.656578170020932,-0.122746757703264,0.003806978957054,1.03243788432829,-0.095108579810973,0.257381735268163,1.30731789046248,-0.064247835340006,-0.238642107321222,0.945223296687302,-0.012210704177601,-0.251757687125846,1.1946467931505,-0.197545120130218,-0.251066150794511,0.932773960402706,-0.385973635149498,-0.243061657384782,0.680525565843957,-0.512924123902903,0.001071923655646,0.999508212647512,0.027978961041452,0.056294418865993,1.34675056724526,-0.152727180320924,-0.011673223966458,1.05977252915814,-0.259501615790593,-0.076281142632187,0.78091001763371,-0.280619739683329,0.242373835342826,0.98600080822653,0.015196486171157,0.282779851082059,1.204277249077,-0.174525861602833,0.169338518948052,0.87062247362823,-0.243725481090717,0.099283191249296,0.596254593151518,-0.231332094521102,0.46090175348333,0.933746848375825,-0.015196486171157,0.423833795313569,1.05778818732284,-0.105160590229473,0.304120997570057,0.805240516727627,-0.110714103981773,0.249963212395453,0.605321062395239,-0.087600112392353,6
21,0,0,0,-0.17214500442561,0.172548740468127,-0.086253438952886,-0.205919134530819,0.650671287032525,-0.081367314047127,-0.046057501390519,1.12511890821973,-0.045766779455513,0.151377678842694,1.5284386186464,-0.011313691478267,-0.217938952860696,0.902071123794131,0.088562658979934,-0.228039141116092,1.22154835608149,-0.123120292586076,-0.233894869452366,0.922408526138758,-0.250520474989593,-0.224895334536429,0.671707167867502,-0.28013104741349,-0.014020781586747,0.993188154730689,0.07855195055793,0.023244158070309,1.47894984189603,-0.130160910353668,-0.034236197009466,1.13659744384449,-0.293866452565391,-0.059982130664667,0.851661685936086,-0.337637321928835,0.21508560803099,1.04323156386102,0.033390821743834,0.228441373130258,1.32866259077113,-0.203200811188432,0.120897664921051,0.883747230763818,-0.336129918977979,0.092597266794815,0.618257144018459,-0.342241752578794,0.439114212001099,1.03705843707946,-0.033390821743834,0.388300562289013,1.25248785375626,-0.189787206803785,0.28762541292011,0.947786055517557,-0.296901796012899,0.290715682999772,0.789497075525611,-0.297788792932554,6
21,0,0,0,0.219716370547828, 0.346430115131622, 0.235976754000388, 0.236710059376967, 0.766481657501839, 0.346628021368981, 0.086300177307595, 1.12914829483566, 0.442204577344171, -0.104724991233838, 1.29607270225648, 0.457860774826829, 0.236641547280556, 1.01368821386778, -0.025702573540155, 0.2319390335811, 1.41394172151186, 0.353809385520303, 0.193941096829543, 1.18946834545761, 0.556812127877049, 0.129611745874403, 0.932896747083411, 0.612538799754065, 0.003608965396258, 0.998831958930258, -0.041075598157421, 0.003165955401059, 1.42880517667396, 0.375395610152825, 0.018969148937871, 1.29461761049782, 0.605216849163057, 0.026429437688723, 1.12599233940617, 0.656863572098985, -0.209546159867497, 0.930993469092818, -0.019757101943014, -0.167661461593113, 1.20393266494081, 0.375933414007726, -0.111956348578259, 1.04599991602941, 0.459583587840376, -0.088313405799093, 0.89767126628685, 0.388441802052115, -0.380523071403187, 0.847391912578768, 0.019757101943014, -0.30845038195471, 1.0231771554353, 0.35378690233268, -0.24814938761406, 0.893609889752769, 0.450429872298108, -0.229874964662037, 0.765162936565043, 0.434337995520707, 6
21,0,0,0,-0.200011732783053,0.058105043518569,-0.096384638094078,-0.274613909929465,0.488580982697732,-0.151537095921469,-0.152640577763928,0.951671187674149,-0.170354936006004,0.033144038753204,1.38112848408715,-0.167419323232636,-0.214669059198678,0.853920258070371,0.108607701746534,-0.254670562497918,1.13871774051308,-0.122736410638617,-0.298919697273383,0.83819704633431,-0.278467066774492,-0.306504707454216,0.576493795372979,-0.341923762511386,-0.016303241694298,0.990507266545711,0.085373565610157,-0.028736358357435,1.41265573898821,-0.143803219489917,-0.103084862618523,1.0909249847376,-0.31589200904938,-0.127960126467525,0.8195938629688,-0.386448956477675,0.205217704695262,1.07432986016096,0.034321985610995,0.132456290465963,1.23192850417708,-0.245127617404471,0.035585750712842,0.770576788963507,-0.352509324929896,0.038379179238074,0.541491804988454,-0.357268485667502,0.407529912067832,1.09836247932359,-0.034321985610995,0.284225198524747,1.19341086082563,-0.257352402032339,0.201651999235165,0.850700752559726,-0.323849068229574,0.23325729734621,0.695202916019409,-0.305853208001455,6
23,0,0,0,-0.346184985607758,0.109653017522195,-0.234610157094149,-0.34826375052953,0.427570347006929,-0.287255796074617,-0.056057236733423,0.700604734869914,-0.332850308693521,0.262274750830499,0.822383369118792,-0.433008133340654,-0.276877509441272,0.908475613433795,-0.077278249578664,-0.338544893687791,1.30749033553748,-0.029081695255811,-0.374713131063383,1.6011159611474,-0.006576708260562,-0.391313053761882,1.85051500936277,-0.004159174813057,-0.005551833263214,0.999853022827238,-0.015928584725793,0.008623911932488,1.46124216374297,0.032037987781729,0.006528467238446,1.77309728856644,0.040723935052306,0.006338727492488,2.03511540204042,0.025639170378209,0.217098413890174,1.00934793605726,0.008657811399381,0.288380382261863,1.42823940494355,0.025411397476948,0.298857880507254,1.72965826229628,-0.023887385291759,0.305486591257212,2.00461222468523,-0.07043868467939,0.407729381526779,0.941316910767497,-0.008657811399381,0.494166355835307,1.23316002813148,-0.059646455455217,0.556244850051429,1.4576109025678,-0.091560282693756,0.629278522353424,1.68624716535968,-0.128432550906383,6
23,0,0,0,-0.322051652023135,0.163850381106826,-0.365401434207938,-0.410828207982898,0.490520888285297,-0.478199269190582,-0.098756265931389,0.753214947766301,-0.559998637218689,0.170891028131878,0.848732136944721,-0.624106775267753,-0.245476614005019,0.970599408599782,-0.04232079155632,-0.175280200772955,1.47177952642595,-0.041699817815997,-0.112840552334027,1.81042968272082,-0.00167608744633,-0.01377700273145,2.11598975830397,0.043920897934512,0.005716834149,0.999205235556035,0.035956153377079,0.052333286165314,1.51392409611186,0.07257096399356,0.099140749525757,1.86847453759684,0.150405929298584,0.171480191038151,2.18704426476243,0.213971064966854,0.213323030700842,0.95397072705373,0.036578465912681,0.286533433372595,1.41957255905503,0.078629225319528,0.32296560382633,1.7512519200923,0.159288083474933,0.376592923462546,2.0753431930257,0.23432875850614,0.398383854630112,0.844797850348983,-0.036578465912681,0.471485135969277,1.21487449975053,0.024581415196635,0.483869016543878,1.47079575457988,0.084318608284804,0.510415800478104,1.74763670118092,0.154239057183729,6
24,0,0,0,-0.157193876916773,0.20465240339859,-0.276385400380501,-0.146941817329405,0.618222384650922,-0.302411998210304,0.136784662291455,0.986964488944523,-0.283634162082498,0.553646248399592,1.18450222047517,-0.238803156454032,-0.152777214857978,0.979986756919634,0.040562965154565,-0.264641762570071,1.30070725707415,-0.353521391547506,-0.424183878031835,0.9849420544264,-0.736405696201895,-0.464342732516328,0.673193631100499,-0.89110626013253,-0.012702013112524,0.9980930402705,0.080828187026554,-0.169912947807701,1.38785021434892,-0.501884947709645,-0.363397971299872,0.979567793919058,-0.867232580598036,-0.425174294661227,0.638029510991911,-0.91593226129678,0.194027631347636,0.959179939085516,0.039847780722779,-0.042843762324444,1.28140067315824,-0.577419823731111,-0.188953863844113,0.86658165285413,-0.968530524920499,-0.202007239233309,0.519320138729325,-1.03508333779242,0.378542267652349,0.861839919220553,-0.039847780722779,0.128280522769658,1.00388954557037,-0.529523338689345,-0.002285991235635,0.713840468479348,-0.836554389819108,0.000789979936776,0.448820509830113,-0.95607101289298,6
25,0,0,0,-0.246453238139894,0.147803608755081,-0.079830817976387,-0.405583583800937,0.529092194668948,-0.120321095253741,-0.516923296516211,0.794441062800364,-0.212007993796169,-0.652377726595384,0.9335006123677,-0.340295497415921,-0.247339217264095,0.95755008826722,0.121361028227042,-0.196842319455709,1.21724730149843,-0.128372808754404,-0.181711106847539,0.904836333304119,-0.212530265515511,-0.182307040403519,0.712301679957672,-0.15859867226372,-0.039978175864503,0.991250079924329,0.097896037177242,0.005791828191442,1.20509056027,-0.20687614412225,0.002897128483713,0.79619838769943,-0.286386776714603,0.00052145171507,0.632382128794474,-0.203914482763567,0.182156173122782,1.00359325446489,0.036254902913023,0.225498666949143,1.25397429818314,-0.211042432415323,0.158789320055237,0.872706521431454,-0.263431376476633,0.121744319673017,0.656205500263961,-0.198057330758987,0.404641531161391,1.00256317176067,-0.036254902913023,0.513962296504874,1.42013943580056,-0.096884011628319,0.537919075034998,1.6783801780237,-0.110437966640364,0.52782727524313,1.97375000660763,-0.060874720892365,6
25,0,0,0,0.29639709580602, 0.343219214739541, 0.254201292611363, 0.51895809688473, 0.744826255300432, 0.49000753946639, 0.718621539306147, 1.09385266684722, 0.682628863301124, 0.913062629474884, 1.36818884007564, 0.735345129854851, 0.273342832333906, 1.03462806361304, 0.195871885362095, 0.211616846618731, 1.28513751923693, 0.488082013541652, 0.208794318593136, 1.08958852067422, 0.402876843606042, 0.216737444022668, 0.941882385680188, 0.269714616263431, 0.081351446133997, 0.972028704152652, 0.114832296412129, 0.056451457669432, 1.22680382086875, 0.476175728772469, 0.070528201032265, 0.968522024327624, 0.413014049182185, 0.053368300059968, 0.81946256724041, 0.292803262967062, -0.126206667156132, 0.894176662733648, 0.033072516787178, -0.092516038228765, 1.09202948941252, 0.438226301612747, -0.068732122174872, 0.781937620386251, 0.382612889423777, -0.08152040904955, 0.617595405623193, 0.283732443368985, -0.338949180810885, 0.86170735551817, -0.033072516787178, -0.354526848480082, 1.24057640313612, 0.31402207856927, -0.395487890616822, 1.47202837548277, 0.519868002371577, -0.457489914270733, 1.73876901970362, 0.697934426047106, 6
25,0,0,0,-0.276781912577826,0.249294993247226,-0.146980553277288,-0.444471862387281,0.736699940729498,-0.12442827088281,-0.515819648653448,1.15975981368062,-0.139105423764056,-0.685068381067528,1.43257801306381,-0.164107328386651,-0.243494955271881,0.996238401188052,0.063668039383925,-0.187609362431682,1.23450998994946,-0.160544139818799,-0.16330533970201,0.89937779376178,-0.223583032583448,-0.158550251151824,0.64207426782661,-0.21552778139685,-0.016799349982034,0.996181001598017,0.076037068980891,0.058116291270574,1.1891153337683,-0.206518795728897,0.010068360001901,0.762838876610091,-0.235454427299919,-0.023680675391982,0.55440178501038,-0.191213121366721,0.214470688848664,0.980398584523768,0.03253130843157,0.294335555260738,1.21674461249652,-0.226839504315289,0.196837728061786,0.815624765758195,-0.210706419689924,0.135405317943728,0.562657207762425,-0.130893998709161,0.427786035268885,0.941711881129247,-0.03253130843157,0.571579380688987,1.36666140722148,-0.126583535597512,0.618693774347526,1.59617637148424,-0.138902569711363,0.677084041664469,1.848753029902,-0.112174320576681,6
27,0,0,0,-0.216455597072728,0.166119300346787,-0.352245635578834,-0.440282635124739,0.484702306064116,-0.429616974824727,-0.672862414282607,0.677807353228587,-0.554422626526471,-0.92947802323838,0.77487238860361,-0.767561818239618,-0.194797287317531,1.00563136818878,0.011298317001308,-0.155060952510336,1.61994952139835,0.073091485472841,-0.094400161715628,2.01474323916785,0.125846024234639,-0.053054640961583,2.34265121965115,0.212802384494765,-0.00247342303371,0.997533879647201,0.063590620179497,0.064925978889251,1.35382157017758,-0.250045484136437,0.016652418825154,1.08162275783643,-0.584130771415724,-0.041851663021925,0.885597672111787,-0.685062693567277,0.183734497173751,0.923038868330191,0.035926571343679,0.262687430094515,1.30798733354751,-0.214920707702673,0.23582229156975,1.13722769911068,-0.470128580672337,0.190638428722182,1.02231358835038,-0.49929386049235,0.342991426057119,0.793438561856515,-0.035926571343679,0.446560557185271,1.09308263023827,-0.260581067762757,0.448960988423434,1.07911686707521,-0.423943261637245,0.434323606409316,1.05650010656115,-0.442367187090645,6
27,0,0,0,-0.241835510424348,0.103233976505986,-0.456974593462282,-0.430838438184671,0.371953689915883,-0.603017982307048,-0.61017136410038,0.574378553347772,-0.740761781986944,-0.811862129782581,0.708323087117652,-0.91347077443824,-0.191372117027178,1.0125659596288,-0.015948016996395,-0.13903680219786,1.65235476587793,0.022306686636935,-0.069932546591784,2.04482727044755,0.035715178274302,-0.029949093865592,2.36674403814951,0.093109005422545,0.002973634560042,0.998204693753722,0.053574986541872,0.075897199579252,1.32071424850719,-0.292930537497581,0.01336768301819,1.02026104886713,-0.635268225717358,-0.063394809353809,0.833619574715117,-0.711682680086745,0.178632284332624,0.907812740627586,0.031196784964724,0.257991730046411,1.27885929853848,-0.243707911129865,0.214113803561774,1.06522279199143,-0.500530196805129,0.165380641072638,0.940820210716749,-0.510330953934429,0.320482894778794,0.776274905853373,-0.031196784964724,0.408593702629331,1.0532005499039,-0.278142154813535,0.387804215450116,0.963733810768568,-0.449158515989558,0.354960603293672,0.895897731176395,-0.460113207997521,6
28,0,0,0,-0.273406467444544,0.173870558494412,-0.261757971178609,-0.343827133603132,0.533360981926973,-0.31304046769729,-0.06951390310364,0.769591513454298,-0.344207245042237,0.196061964412341,0.886271034822513,-0.35924911637976,-0.236292292578562,0.942132470795842,-0.009781369998473,-0.2159514778458,1.29835202584518,-0.032294950371287,-0.207572378755444,1.58182457755736,-0.004658702647417,-0.171177642220282,1.8641478024053,0.033971479731366,0.001636621651031,0.99831017646591,0.050523765447004,0.051521975074858,1.33413231461699,0.037613225143101,0.11031605806677,1.63105315139021,0.062577681334658,0.188308226355645,1.93253561210818,0.086803667614284,0.216149445512813,0.957046705251639,0.04290976996935,0.315460678497495,1.30408213783021,0.017771848577228,0.353870174821251,1.54613553301403,0.026266124267048,0.386139280742065,1.76746827753758,0.051275893311063,0.417007081871711,0.821285014284671,-0.04290976996935,0.497999260121613,1.06023312923226,-0.105103649553082,0.421646517530675,0.977751809749698,-0.204191663883268,0.352192531362205,0.850488496311151,-0.307702834535168,6
28,0,0,0,-0.139590244595352,0.240510808886333,-0.208190484107527,-0.192937858161169,0.436875197499941,-0.40615843743535,-0.099098002380904,0.570762937039948,-0.564597828442056,0.014504703314756,0.740206006531404,-0.611237541571487,-0.19545328631966,0.971589493336972,0.042115206037522,-0.195282027617723,1.41868565501971,0.080697786197398,-0.175090990411819,1.73880542226963,0.091528771371136,-0.130926991501227,2.04548555360783,0.143532427540713,-0.017367631278402,0.994530723792576,0.094016410253861,0.053289220615458,1.50542565902318,0.152131073015448,0.119914393350902,1.84211412701955,0.170450306116576,0.204727828915112,2.19920138800127,0.239086747795332,0.145077545948999,0.906626304477745,0.059768288846204,0.176615989918586,1.26868158160331,0.018892192184391,0.183655621663853,1.55826108614274,0.083767212067042,0.200346469144318,1.82383555425011,0.189210353795912,0.286165306566793,0.738356569167231,-0.059768288846204,0.204153868959208,0.821917865233974,-0.216501335624714,0.081977766398469,0.736809629846317,-0.321122509025704,-0.006696155990193,0.650326837998553,-0.396491213061959,6
